
<films
    xmlns:xsi="http://www.w3.org/2001/XMLSchema-instance"
    xsi:noNamespaceSchemaLocation="filmsSchema.xsd">

    <film annee="2005" visa="114089">
        <nationalite>Américain</nationalite>
        <titre>King kong</titre>
        <image ref="kinkong.png"/>
        <exploitation>
            <dateSortie>mercredi 14 décembre 2005</dateSortie>
            <nbreEntree>2838759</nbreEntree>
            <nbreSalle>547</nbreSalle>
            <listepays>
                <pays>Espagne</pays>
                <pays>Allemagne</pays>
                <pays>Italie</pays>
            </listepays>
        </exploitation>
        <acteurs>
            <acteur ref="1">Naomi Watts</acteur>
            <acteur ref="2">Peter Jackson</acteur>
            <acteur ref="3">Jack Black</acteur>
            <acteur ref="4">Adrien Brody</acteur>
        </acteurs>
        <realisateur>Peter Jackson</realisateur>
        <genres>
            <genre>aventure</genre>
        </genres>
        <duree>188</duree>
        <scenario>
            <ev>New York, 1933.</ev><keyword>Artiste</keyword><personnage>Ann Darrow</personnage><keyword>explorateur/réalisateur</keyword><personnage>Carl Denham.</personnage> 
        </scenario>
    </film>

    <film annee="1993" visa="87842">
        <nationalite>Américain</nationalite>
        <titre>La Liste de Schindler</titre>
        <image ref="lalistedeschindler.jpg"/>
        <exploitation>
            <dateSortie>mercredi 2 mars 1994</dateSortie>
            <nbreEntree>3734251</nbreEntree>
            <nbreSalle>395</nbreSalle>
            <listepays>
                <pays>Portugal</pays>
                <pays>Allemagne</pays>
                <pays>Royaume-Uni</pays>
            </listepays>
        </exploitation>
        <acteurs>
            <acteur>Liam Neeson</acteur>
            <acteur>Ben Kingsley</acteur>
            <acteur>Ralph Fiennes</acteur>
            <acteur>Caroline Goodall</acteur>
        </acteurs>
        <realisateur>Steven Spielberg</realisateur>
        <genres>
            <genre>drame</genre>
            <genre>historique</genre>
        </genres>
        <duree>195</duree>
        <scenario>
            <ev>Durant la Seconde Guerre mondiale,</ev><personnage>Oskar Schindler</personnage><keyword>nazi</keyword><keyword>Holocauste</keyword>
        </scenario>
    </film>

    <film annee="1999" visa="99677">
        <nationalite>Américain</nationalite>
        <titre>La Ligne verte</titre>
        <image ref="laligneverte.jpg"/>
        <exploitation>
            <dateSortie>mercredi 1 mars 2000</dateSortie>
            <nbreEntree>7036330</nbreEntree>
            <nbreSalle>685</nbreSalle>
            <listepays>
                <pays>Italie</pays>
                <pays>Royaume-Uni</pays>
                <pays>Espagne</pays>
            </listepays>
        </exploitation>
        <acteurs>
            <acteur>Tom Hanks</acteur>
            <acteur>Michael Clarke Duncan</acteur>
            <acteur>David Morse</acteur>
            <acteur>Martin Balsam</acteur>
        </acteurs>
        <realisateur>Frank Darabont</realisateur>
        <genres>
            <genre>drame</genre>
            <genre>fantastique</genre>
        </genres>
        <duree>189</duree>
        <scenario>
            <ev>En 1935,</ev><personnage> Paul Edgecomb</personnage><keyword> gardien-chef</keyword><ev>un pénitencier de Louisiane</ev><personnage>John Coffey</personnage><ev>, un détenu condamné à mort pour le meurtre de deux fillettes.</ev>
        </scenario>
    </film>

    <film annee="1957" visa="17872">
        <nationalite>Américain</nationalite>
        <titre>12 hommes en colère</titre>
        <image ref="12hommesencolere.jpg"/>
        <exploitation>
            <dateSortie>mercredi 4 septembre 1957</dateSortie>
            <nbreEntree>127346</nbreEntree>
            <nbreSalle>54</nbreSalle>
            <listepays>
                <pays>Royaume-Uni</pays>
                <pays>Italie</pays>
                <pays>Allemagne</pays>
            </listepays>
        </exploitation>
        <acteurs>
            <acteur>Henry Fonda</acteur>
            <acteur>Lee J. Cobb</acteur>
            <acteur>Ed Begley</acteur>
            <acteur>Martin Balsam</acteur>
        </acteurs>
        <realisateur>Sidney Lumet</realisateur>
        <genres>
            <genre>drame</genre>
            <genre>judiciaire</genre>
        </genres>
        <duree>96</duree>
        <scenario>
            <keyword>procès</keyword><ev>douze jurés sont chargés de décider du sort d'un jeune homme accusé de meurtre.</ev>
    </film>

   <acteurDescription id="1">
        <nom>Watts</nom>
        <prenom>Naomi</prenom>
        <dateNaissance>28/09/1968</dateNaissance>
        <sexe>F</sexe>
        <lieuNaissance>Shoreham, Royaume-Uni</lieuNaissance>
    </acteurDescription>
    <acteurDescription id="2">
        <nom>Jackson</nom>
        <prenom>Peter</prenom>
        <dateNaissance>31/10/1961</dateNaissance>
        <sexe>M</sexe>
        <lieuNaissance>Wellington, Nouvelle-Zélande</lieuNaissance>
    </acteurDescription>
    <acteurDescription id="3">
        <nom>Black</nom>
        <prenom>Jack</prenom>
        <dateNaissance>28/08/1969</dateNaissance>
        <sexe>M</sexe>
        <lieuNaissance>Santa Monica, Californie, États-Unis</lieuNaissance>
    </acteurDescription>
    <acteurDescription id="4">
        <nom>Brody</nom>
        <prenom>Adrien</prenom>
        <dateNaissance>14/04/1973</dateNaissance>
        <sexe>M</sexe>
        <lieuNaissance>New York, New York, États-Unis</lieuNaissance>
    </acteurDescription>
    
</films>